날짜,시간,평균,생산량,공장인원
20210101,0,61,0,0.0
20210101,1,105,0,0.0
20210101,2,104,0,0.0
20210101,3,105,0,0.0
20210101,4,107,0,0.0
20210101,5,92,0,0.0
20210101,6,107,0,0.0
20210101,7,61,0,0.0
20210102,0,63,0,0.0
20210102,1,105,0,0.0
20210102,2,104,0,0.0
20210102,3,105,0,0.0
20210102,4,107,0,0.0
20210102,5,92,0,0.0
20210102,6,107,0,0.0
20210102,7,61,0,0.0
20210104,0,68,0,0.0
20210104,1,108,0,0.0
20210104,2,110,0,0.0
20210104,3,107,0,0.0
20210104,4,109,0,0.0
20210104,5,90,0,0.0
20210104,6,109,0,0.0
20210104,7,128,0,0.0
20210104,18,139,0,0.0
20210104,19,113,0,0.0
20210104,22,107,0,0.0
20210107,21,111,0,0.0
20210108,0,63,0,0.0
20210108,1,99,0,0.0
20210108,20,129,0,0.0
20210109,0,68,0,0.0
20210109,2,104,0,0.0
20210109,4,107,0,0.0
20210109,5,92,0,0.0
20210109,12,110,0,0.0
20210109,13,169,0,0.0
20210109,16,151,0,0.0
20210109,17,129,0,0.0
20210109,18,155,0,0.0
20210109,19,132,0,0.0
20210109,20,109,0,0.0
20210109,21,105,0,0.0
20210109,23,95,0,0.0
20210110,0,65,0,0.0
20210110,1,103,0,0.0
20210110,2,104,0,0.0
20210110,3,99,0,0.0
20210110,8,155,0,0.0
20210110,10,164,0,0.0
20210110,11,161,0,0.0
20210110,14,162,0,0.0
20210110,18,122,0,0.0
20210110,21,129,0,0.0
20210110,22,118,0,0.0
20210110,23,105,0,0.0
20210111,0,70,0,0.0
20210111,1,107,0,0.0
20210111,2,104,0,0.0
20210111,3,101,0,0.0
20210111,4,111,0,0.0
20210111,5,90,0,0.0
20210111,6,105,0,0.0
20210111,7,133,0,0.0
20210114,23,107,0,0.0
20210115,0,76,0,0.0
20210115,3,116,0,0.0
20210115,5,97,0,0.0
20210116,0,63,0,0.0
20210116,1,105,0,0.0
20210116,3,112,0,0.0
20210116,8,177,0,0.0
20210116,14,171,0,0.0
20210116,15,163,0,0.0
20210116,18,168,0,0.0
20210116,19,139,0,0.0
20210116,23,106,0,0.0
20210117,0,72,0,0.0
20210117,1,107,0,0.0
20210117,2,112,0,0.0
20210117,3,116,0,0.0
20210117,4,113,0,0.0
20210117,5,97,0,0.0
20210117,6,121,0,0.0
20210117,7,141,0,0.0
20210117,8,190,0,0.0
20210117,9,180,0,0.0
20210117,10,166,0,0.0
20210117,11,183,0,0.0
20210117,12,103,0,0.0
20210117,13,183,0,0.0
20210117,14,179,0,0.0
20210117,15,170,0,0.0
20210117,17,138,0,0.0
20210117,18,170,0,0.0
20210117,19,159,0,0.0
20210117,20,139,0,0.0
20210117,21,127,0,0.0
20210117,22,125,0,0.0
20210117,23,111,0,0.0
20210118,0,80,0,0.0
20210118,1,112,0,0.0
20210118,2,115,0,0.0
20210118,3,114,0,0.0
20210118,4,112,0,0.0
20210118,5,102,0,0.0
20210118,6,121,0,0.0
20210118,7,133,0,0.0
20210122,0,71,0,0.0
20210122,5,94,0,0.0
20210123,8,163,0,0.0
20210123,9,160,0,0.0
20210123,10,148,0,0.0
20210123,12,93,0,0.0
20210123,13,153,0,0.0
20210123,14,151,0,0.0
20210123,15,150,0,0.0
20210123,16,160,0,0.0
20210123,17,128,0,0.0
20210123,18,162,0,0.0
20210123,19,137,0,0.0
20210123,20,128,0,0.0
20210123,21,126,0,0.0
20210123,22,114,0,0.0
20210123,23,110,0,0.0
20210124,0,70,0,0.0
20210124,1,111,0,0.0
20210124,2,118,0,0.0
20210124,3,117,0,0.0
20210124,4,116,0,0.0
20210124,5,101,0,0.0
20210124,6,118,0,0.0
20210124,7,149,0,0.0
20210124,8,182,0,0.0
20210124,9,162,0,0.0
20210124,10,154,0,0.0
20210124,11,164,0,0.0
20210124,12,105,0,0.0
20210124,13,171,0,0.0
20210124,14,163,0,0.0
20210124,15,150,0,0.0
20210124,16,162,0,0.0
20210124,17,135,0,0.0
20210124,18,150,0,0.0
20210124,19,159,0,0.0
20210124,20,136,0,0.0
20210124,21,131,0,0.0
20210124,22,121,0,0.0
20210124,23,115,0,0.0
20210125,0,71,0,0.0
20210125,1,119,0,0.0
20210125,2,117,0,0.0
20210125,3,119,0,0.0
20210125,4,118,0,0.0
20210125,5,106,0,0.0
20210125,6,114,0,0.0
20210125,7,135,0,0.0
20210125,12,122,0,0.0
20210129,0,66,0,0.0
20210130,8,180,0,0.0
20210130,9,179,0,0.0
20210130,10,159,0,0.0
20210130,11,144,0,0.0
20210130,12,108,0,0.0
20210130,13,167,0,0.0
20210130,14,166,0,0.0
20210130,15,164,0,0.0
20210130,16,161,0,0.0
20210130,17,156,0,0.0
20210130,18,160,0,0.0
20210130,19,141,0,0.0
20210130,20,109,0,0.0
20210130,21,113,0,0.0
20210130,22,106,0,0.0
20210130,23,104,0,0.0
20210201,0,61,0,0.0
20210201,1,99,0,0.0
20210201,2,104,0,0.0
20210201,3,103,0,0.0
20210201,4,105,0,0.0
20210201,5,90,0,0.0
20210201,6,109,0,0.0
20210201,7,122,0,0.0
20210202,0,62,0,0.0
20210206,5,90,0,0.0
20210208,0,63,0,0.0
20210208,1,99,0,0.0
20210208,2,103,0,0.0
20210208,3,100,0,0.0
20210208,4,105,0,0.0
20210208,5,87,0,0.0
20210208,6,98,0,0.0
20210208,7,93,0,0.0
20210208,22,107,0,0.0
20210210,15,152,0,0.0
20210210,16,153,0,0.0
20210210,17,130,0,0.0
20210210,18,122,0,0.0
20210210,19,123,0,0.0
20210210,20,133,0,0.0
20210210,21,129,0,0.0
20210210,22,118,0,0.0
20210210,23,105,0,0.0
20210211,0,70,0,0.0
20210211,1,107,0,0.0
20210211,2,104,0,0.0
20210211,3,101,0,0.0
20210211,4,111,0,0.0
20210211,5,90,0,0.0
20210211,6,105,0,0.0
20210211,7,133,0,0.0
20210211,8,168,0,0.0
20210211,9,168,0,0.0
20210211,10,156,0,0.0
20210211,11,168,0,0.0
20210211,12,104,0,0.0
20210211,13,154,0,0.0
20210211,14,159,0,0.0
20210211,15,150,0,0.0
20210211,16,157,0,0.0
20210211,17,136,0,0.0
20210211,18,145,0,0.0
20210211,19,136,0,0.0
20210211,20,121,0,0.0
20210211,21,109,0,0.0
20210211,22,104,0,0.0
20210211,23,100,0,0.0
20210212,0,66,0,0.0
20210212,1,106,0,0.0
20210212,2,104,0,0.0
20210212,3,107,0,0.0
20210212,4,109,0,0.0
20210212,5,90,0,0.0
20210212,6,102,0,0.0
20210212,7,71,0,0.0
20210213,0,66,0,0.0
20210213,1,106,0,0.0
20210213,2,104,0,0.0
20210213,3,107,0,0.0
20210213,4,109,0,0.0
20210213,5,90,0,0.0
20210213,6,102,0,0.0
20210213,7,71,0,0.0
20210215,0,76,0,0.0
20210215,1,110,0,0.0
20210215,2,117,0,0.0
20210215,3,116,0,0.0
20210215,4,110,0,0.0
20210215,5,97,0,0.0
20210215,6,118,0,0.0
20210215,7,132,0,0.0
20210215,12,112,0,0.0
20210218,5,102,0,0.0
20210218,6,121,0,0.0
20210218,20,117,0,0.0
20210222,0,71,0,0.0
20210222,1,108,0,0.0
20210222,2,113,0,0.0
20210222,3,113,0,0.0
20210222,4,117,0,0.0
20210222,5,94,0,0.0
20210222,6,114,0,0.0
20210222,7,139,0,0.0
20210224,0,70,0,0.0
20210225,0,71,0,0.0
20210225,3,119,0,0.0
20210225,6,114,0,0.0
20210301,0,61,0,0.0
20210301,1,99,0,0.0
20210301,2,104,0,0.0
20210301,3,103,0,0.0
20210301,4,105,0,0.0
20210301,5,90,0,0.0
20210301,6,109,0,0.0
20210301,7,122,0,0.0
20210301,8,179,0,0.0
20210301,9,173,0,0.0
20210301,10,171,0,0.0
20210301,11,174,0,0.0
20210301,12,94,0,0.0
20210301,13,170,0,0.0
20210301,14,165,0,0.0
20210301,15,152,0,0.0
20210301,16,162,0,0.0
20210301,17,124,0,0.0
20210301,18,147,0,0.0
20210301,19,144,0,0.0
20210301,20,121,0,0.0
20210301,21,121,0,0.0
20210301,22,106,0,0.0
20210301,23,99,0,0.0
20210302,0,62,0,0.0
20210302,1,102,0,0.0
20210302,2,109,0,0.0
20210302,3,104,0,0.0
20210302,4,100,0,0.0
20210302,5,85,0,0.0
20210302,6,103,0,0.0
20210303,23,105,0,0.0
20210304,12,89,0,0.0
20210307,7,56,0,0.0
20210307,8,171,0,0.0
20210307,9,166,0,0.0
20210307,10,161,0,0.0
20210307,11,168,0,0.0
20210307,12,115,0,0.0
20210307,13,175,0,0.0
20210307,14,175,0,0.0
20210307,15,163,0,0.0
20210307,16,165,0,0.0
20210307,17,136,0,0.0
20210307,18,152,0,0.0
20210307,19,130,0,0.0
20210307,20,108,0,0.0
20210307,21,111,0,0.0
20210307,22,95,0,0.0
20210307,23,98,0,0.0
20210308,0,63,0,0.0
20210308,1,99,0,0.0
20210308,2,103,0,0.0
20210308,3,100,0,0.0
20210308,4,105,0,0.0
20210308,5,87,0,0.0
20210308,6,98,0,0.0
20210308,7,93,0,0.0
20210309,0,68,0,0.0
20210310,0,65,0,0.0
20210310,3,99,0,0.0
20210310,23,105,0,0.0
20210311,0,70,0,0.0
20210313,0,63,0,0.0
20210314,7,62,0,0.0
20210314,8,183,0,0.0
20210314,9,178,0,0.0
20210314,10,171,0,0.0
20210314,11,181,0,0.0
20210314,12,119,0,0.0
20210314,13,186,0,0.0
20210314,14,177,0,0.0
20210314,15,178,0,0.0
20210314,16,171,0,0.0
20210314,17,146,0,0.0
20210314,18,173,0,0.0
20210314,19,150,0,0.0
20210314,20,119,0,0.0
20210314,21,123,0,0.0
20210314,22,112,0,0.0
20210314,23,107,0,0.0
20210315,0,76,0,0.0
20210315,1,110,0,0.0
20210315,2,117,0,0.0
20210315,3,116,0,0.0
20210315,4,110,0,0.0
20210315,5,97,0,0.0
20210315,6,118,0,0.0
20210315,7,132,0,0.0
20210317,12,103,0,0.0
20210318,20,117,0,0.0
20210320,2,104,0,0.0
20210321,8,190,0,0.0
20210321,9,189,0,0.0
20210321,10,185,0,0.0
20210321,11,181,0,0.0
20210321,12,115,0,0.0
20210321,13,190,0,0.0
20210321,14,189,0,0.0
20210321,15,169,0,0.0
20210321,16,160,0,0.0
20210321,17,134,0,0.0
20210321,18,156,0,0.0
20210321,19,143,0,0.0
20210321,20,127,0,0.0
20210321,21,127,0,0.0
20210321,22,114,0,0.0
20210321,23,112,0,0.0
20210322,0,71,0,0.0
20210322,1,108,0,0.0
20210322,2,113,0,0.0
20210322,3,113,0,0.0
20210322,4,117,0,0.0
20210322,5,94,0,0.0
20210322,6,114,0,0.0
20210322,7,139,0,0.0
20210324,6,118,0,0.0
20210324,20,136,0,0.0
20210324,22,121,0,0.0
20210325,0,71,0,0.0
20210325,5,106,0,0.0
20210325,12,122,0,0.0
20210327,0,63,0,0.0
20210328,8,175,0,0.0
20210328,9,178,0,0.0
20210328,10,167,0,0.0
20210328,11,183,0,0.0
20210328,12,121,0,0.0
20210328,13,185,0,0.0
20210328,14,180,0,0.0
20210328,15,182,0,0.0
20210328,16,168,0,0.0
20210328,17,150,0,0.0
20210328,18,177,0,0.0
20210328,19,153,0,0.0
20210328,20,112,0,0.0
20210328,21,118,0,0.0
20210328,22,109,0,0.0
20210328,23,107,0,0.0
20210329,0,66,0,0.0
20210329,1,104,0,0.0
20210329,2,113,0,0.0
20210329,3,104,0,0.0
20210329,4,110,0,0.0
20210329,5,90,0,0.0
20210329,6,113,0,0.0
20210402,1,108,0,0.0
20210402,8,171,0,0.0
20210402,9,168,0,0.0
20210402,10,161,0,0.0
20210402,11,173,0,0.0
20210402,12,104,0,0.0
20210402,13,165,0,0.0
20210402,14,166,0,0.0
20210402,15,159,0,0.0
20210402,16,161,0,0.0
20210402,17,123,0,0.0
20210402,18,163,0,0.0
20210402,19,158,0,0.0
20210402,20,124,0,0.0
20210402,21,125,0,0.0
20210402,22,105,0,0.0
20210402,23,95,0,0.0
20210403,0,70,0,0.0
20210403,1,107,0,0.0
20210403,2,109,0,0.0
20210403,3,100,0,0.0
20210403,4,102,0,0.0
20210403,5,86,0,0.0
20210403,6,101,0,0.0
20210405,7,59,0,0.0
20210408,0,67,0,0.0
20210408,22,100,0,0.0
20210409,23,101,0,0.0
20210410,3,103,0,0.0
20210410,5,87,0,0.0
20210412,0,64,0,0.0
20210412,1,93,0,0.0
20210412,2,94,0,0.0
20210412,3,88,0,0.0
20210412,4,85,0,0.0
20210412,5,81,0,0.0
20210412,6,95,0,0.0
20210412,7,115,0,0.0
20210412,21,112,0,0.0
20210413,0,64,0,0.0
20210413,1,93,0,0.0
20210413,3,88,0,0.0
20210413,5,81,0,0.0
20210414,0,64,0,0.0
20210415,3,88,0,0.0
20210415,6,95,0,0.0
20210416,0,64,0,0.0
20210419,7,54,0,0.0
20210419,20,106,0,0.0
20210419,23,98,0,0.0
20210421,0,58,0,0.0
20210421,2,101,0,0.0
20210421,3,98,0,0.0
20210421,6,106,0,0.0
20210421,20,119,0,0.0
20210421,21,119,0,0.0
20210422,0,58,0,0.0
20210422,5,89,0,0.0
20210423,0,58,0,0.0
20210423,3,98,0,0.0
20210423,5,89,0,0.0
20210424,0,59,0,0.0
20210426,0,62,0,0.0
20210426,1,95,0,0.0
20210426,2,101,0,0.0
20210426,3,94,0,0.0
20210426,4,99,0,0.0
20210426,5,86,0,0.0
20210426,6,96,0,0.0
20210427,1,95,0,0.0
20210428,5,92,0,0.0
20210429,0,61,0,0.0
20210430,5,89,0,0.0
20210503,7,59,0,0.0
20210506,7,56,0,0.0
20210507,5,89,0,0.0
20210509,7,64,0,0.0
20210509,8,177,0,0.0
20210509,9,158,0,0.0
20210509,10,157,0,0.0
20210509,11,164,0,0.0
20210509,12,106,0,0.0
20210509,13,158,0,0.0
20210509,14,154,0,0.0
20210509,15,141,0,0.0
20210509,16,153,0,0.0
20210509,17,128,0,0.0
20210509,18,159,0,0.0
20210509,19,142,0,0.0
20210509,20,111,0,0.0
20210509,21,120,0,0.0
20210509,22,112,0,0.0
20210509,23,101,0,0.0
20210510,7,64,0,0.0
20210511,5,97,0,0.0
20210511,12,100,0,0.0
20210512,0,67,0,0.0
20210514,4,106,0,0.0
20210514,22,103,0,0.0
20210514,23,89,0,0.0
20210515,0,54,0,0.0
20210515,3,93,0,0.0
20210515,4,101,0,0.0
20210515,5,80,0,0.0
20210519,0,62,0,0.0
20210520,7,64,0,0.0
20210520,23,93,0,0.0
20210521,20,103,0,0.0
20210521,22,101,0,0.0
20210522,0,59,0,0.0
20210522,1,101,0,0.0
20210522,5,84,0,0.0
20210524,7,54,0,0.0
20210524,23,98,0,0.0
20210525,5,89,0,0.0
20210526,23,98,0,0.0
20210527,20,118,0,0.0
20210602,0,62,0,0.0
20210602,5,85,0,0.0
20210602,20,113,0,0.0
20210603,0,66,0,0.0
20210604,23,97,0,0.0
20210607,7,56,0,0.0
20210609,5,85,0,0.0
20210609,12,110,0,0.0
20210610,0,65,0,0.0
20210610,1,103,0,0.0
20210610,2,104,0,0.0
20210611,4,111,0,0.0
20210612,0,66,0,0.0
20210614,7,62,0,0.0
20210614,12,119,0,0.0
20210614,22,112,0,0.0
20210615,1,110,0,0.0
20210615,5,97,0,0.0
20210616,23,106,0,0.0
20210617,0,72,0,0.0
20210618,4,112,0,0.0
20210618,5,102,0,0.0
20210619,4,109,0,0.0
20210621,7,58,0,0.0
20210622,2,113,0,0.0
20210624,22,121,0,0.0
20210625,0,71,0,0.0
20210626,0,71,0,0.0
20210626,6,118,0,0.0
20210628,7,57,0,0.0
20210628,20,112,0,0.0
20210629,0,66,0,0.0
20210630,0,67,0,0.0
20210630,6,114,0,0.0
20210630,23,104,0,0.0
20210702,0,68,0,0.0
20210702,12,108,0,0.0
20210703,2,106,0,0.0
20210703,6,98,0,0.0
20210705,7,63,0,0.0
20210706,12,110,0,0.0
20210707,12,112,0,0.0
20210708,12,120,0,0.0
20210708,22,111,0,0.0
20210708,23,113,0,0.0
20210709,0,73,0,0.0
20210709,3,99,0,0.0
20210709,5,98,0,0.0
20210709,6,113,0,0.0
20210709,12,100,0,0.0
20210709,23,96,0,0.0
20210710,0,65,0,0.0
20210710,3,97,0,0.0
20210710,5,83,0,0.0
20210712,7,65,0,0.0
20210713,70,69,0,0.0
20210713,89,96,0,0.0
20210713,90,112,0,0.0
20210713,97,110,0,0.0
20210713,107,106,0,0.0
20210713,108,143,0,0.0
20210713,112,123,0,0.0
20210713,113,111,0,0.0
20210713,115,102,0,0.0
20210713,118,112,0,0.0
20210713,120,124,0,0.0
20210713,121,139,0,0.0
20210713,124,123,0,0.0
20210713,133,107,0,0.0
20210713,136,150,0,0.0
20210713,148,181,0,0.0
20210713,155,174,0,0.0
20210713,159,143,0,0.0
20210713,159,152,0,0.0
20210713,165,174,0,0.0
20210713,171,175,0,0.0
20210713,172,174,0,0.0
20210713,172,178,0,0.0
20210713,188,188,0,0.0
20210714,5,89,0,0.0
20210715,74,67,0,0.0
20210715,86,90,0,0.0
20210715,89,111,0,0.0
20210715,98,109,0,0.0
20210715,100,110,0,0.0
20210715,110,88,0,0.0
20210715,110,103,0,0.0
20210715,111,107,0,0.0
20210715,115,134,0,0.0
20210715,115,113,0,0.0
20210715,120,108,0,0.0
20210715,120,134,0,0.0
20210715,121,118,0,0.0
20210715,125,122,0,0.0
20210715,134,155,0,0.0
20210715,147,152,0,0.0
20210715,148,184,0,0.0
20210715,159,172,0,0.0
20210715,162,192,0,0.0
20210715,172,160,0,0.0
20210715,173,155,0,0.0
20210715,178,187,0,0.0
20210715,183,198,0,0.0
20210715,184,187,0,0.0
20210719,7,65,0,0.0
20210719,12,117,0,0.0
20210720,12,121,0,0.0
20210721,20,131,0,0.0
20210722,5,86,0,0.0
20210722,21,120,0,0.0
20210723,5,89,0,0.0
20210723,6,103,0,0.0
20210723,12,113,0,0.0
20210724,0,68,0,0.0
20210726,7,71,0,0.0
20210726,12,113,0,0.0
20210726,21,110,0,0.0
20210729,0,68,0,0.0
20210730,12,121,0,0.0
20210730,17,147,0,0.0
20210730,18,183,0,0.0
20210730,19,151,0,0.0
20210730,20,107,0,0.0
20210730,21,110,0,0.0
20210730,22,103,0,0.0
20210730,23,103,0,0.0
20210809,18,98,0,0.0
20210809,19,93,0,0.0
20210810,0,68,0,0.0
20210810,12,107,0,0.0
20210810,23,99,0,0.0
20210811,0,77,0,0.0
20210812,0,76,0,0.0
20210812,21,112,0,0.0
20210812,22,116,0,0.0
20210813,5,88,0,0.0
20210813,20,117,0,0.0
20210814,0,62,0,0.0
20210816,12,97,0,0.0
20210816,17,100,0,0.0
20210817,12,110,0,0.0
20210823,7,58,0,0.0
20210824,0,65,0,0.0
20210824,20,121,0,0.0
20210825,0,77,0,0.0
20210827,0,72,0,0.0
20210830,7,52,0,0.0
20210906,7,52,0,0.0
20210907,0,72,0,0.0
20210907,4,109,0,0.0
20210908,0,72,0,0.0
20210909,0,72,0,0.0
20210910,0,77,0,0.0
20210911,0,61,0,0.0
20210911,3,94,0,0.0
