date,평균,최저,최고,season,일교차,전날대비
2021-01-01,-1.196,-6.8,3.5,겨울,10.3,
2021-01-02,-0.175,-2.5,2.6,겨울,5.1,1.021
2021-01-03,-0.479,-2.5,2.5,겨울,5.0,-0.304
2021-01-04,1.0,-4.2,6.3,겨울,10.5,1.479
2021-01-05,1.154,-3.7,5.7,겨울,9.4,0.154
2021-01-06,-3.421,-7.5,0.7,겨울,8.2,-4.575
2021-01-07,-6.546,-10.6,-1.0,겨울,9.6,-3.125
2021-01-08,-8.825,-12.0,-4.6,겨울,7.4,-2.279
2021-01-09,-6.762,-10.5,-2.2,겨울,8.3,2.063
2021-01-10,-3.571,-8.5,1.8,겨울,10.3,3.192
2021-01-11,-1.258,-4.8,3.0,겨울,7.8,2.312
2021-01-12,0.025,-4.9,5.1,겨울,10.0,1.283
2021-01-13,4.967,-2.8,11.2,겨울,14.0,4.942
2021-01-14,6.958,0.3,12.7,겨울,12.4,1.992
2021-01-15,10.062,3.4,16.0,겨울,12.6,3.104
2021-01-16,4.638,-0.6,13.2,겨울,13.8,-5.425
2021-01-17,-1.529,-4.1,1.3,겨울,5.4,-6.167
2021-01-18,0.721,-3.7,5.5,겨울,9.2,2.25
2021-01-19,-1.721,-6.0,3.2,겨울,9.2,-2.442
2021-01-20,3.037,-3.2,9.9,겨울,13.1,4.758
2021-01-21,6.729,-0.5,13.0,겨울,13.5,3.692
2021-01-22,9.071,7.1,11.1,겨울,4.0,2.342
2021-01-23,10.329,9.5,11.5,겨울,2.0,1.258
2021-01-24,8.871,8.0,9.8,겨울,1.8,-1.458
2021-01-25,8.871,7.6,10.7,겨울,3.1,0.0
2021-01-26,6.954,5.8,8.5,겨울,2.7,-1.917
2021-01-27,5.938,3.2,10.2,겨울,7.0,-1.017
2021-01-28,3.75,-3.0,11.3,겨울,14.3,-2.188
2021-01-29,-3.608,-6.8,-0.3,겨울,6.5,-7.358
2021-01-30,2.029,-5.8,9.0,겨울,14.8,5.637
2021-01-31,6.546,0.9,11.3,겨울,10.4,4.517
2021-02-01,10.629,9.1,12.7,겨울,3.6,4.083
2021-02-02,1.904,-2.8,9.2,겨울,12.0,-8.725
2021-02-03,-0.529,-4.1,4.7,겨울,8.8,-2.433
2021-02-04,3.667,1.0,7.2,겨울,6.2,4.196
2021-02-05,4.825,-0.7,10.6,겨울,11.3,1.158
2021-02-06,8.55,1.3,14.9,겨울,13.6,3.725
2021-02-07,9.083,5.1,13.6,겨울,8.5,0.533
2021-02-08,2.296,-1.5,7.1,겨울,8.6,-6.788
2021-02-09,1.646,-3.5,7.4,겨울,10.9,-0.65
2021-02-10,6.029,1.4,11.8,겨울,10.4,4.383
2021-02-11,6.992,3.0,11.3,겨울,8.3,0.963
2021-02-12,8.958,4.7,15.4,겨울,10.7,1.967
2021-02-13,10.517,4.6,17.0,겨울,12.4,1.558
2021-02-14,10.5,7.3,12.7,겨울,5.4,-0.017
2021-02-15,8.95,1.6,13.8,겨울,12.2,-1.55
2021-02-16,1.117,-2.6,6.6,겨울,9.2,-7.833
2021-02-17,-3.613,-5.6,-1.2,겨울,4.4,-4.729
2021-02-18,-4.05,-7.6,0.0,겨울,7.6,-0.437
2021-02-19,3.917,-3.7,12.2,겨울,15.9,7.967
2021-02-20,12.908,7.2,19.5,겨울,12.3,8.992
2021-02-21,16.388,10.6,23.3,겨울,12.7,3.479
2021-02-22,16.942,12.1,23.6,겨울,11.5,0.554
2021-02-23,6.708,2.0,12.0,겨울,10.0,-10.233
2021-02-24,5.921,2.8,9.4,겨울,6.6,-0.787
2021-02-25,6.858,2.4,11.4,겨울,9.0,0.938
2021-02-26,8.588,6.5,10.6,겨울,4.1,1.729
2021-02-27,7.125,5.9,8.4,겨울,2.5,-1.463
2021-02-28,9.325,4.4,14.1,겨울,9.7,2.2
2021-03-01,11.712,4.3,15.8,봄,11.5,2.387
2021-03-02,2.883,1.0,4.5,봄,3.5,-8.829
2021-03-03,4.412,-0.5,9.0,봄,9.5,1.529
2021-03-04,7.921,3.3,13.0,봄,9.7,3.508
2021-03-05,11.192,8.1,16.8,봄,8.7,3.271
2021-03-06,7.429,3.6,11.6,봄,8.0,-3.763
2021-03-07,5.258,4.0,8.1,봄,4.1,-2.171
2021-03-08,6.229,1.8,10.7,봄,8.9,0.971
2021-03-09,8.321,4.0,14.0,봄,10.0,2.092
2021-03-10,9.004,4.7,12.1,봄,7.4,0.683
2021-03-11,8.917,2.0,14.9,봄,12.9,-0.088
2021-03-12,9.621,8.3,10.9,봄,2.6,0.704
2021-03-13,9.954,7.8,13.4,봄,5.6,0.333
2021-03-14,10.379,5.4,16.0,봄,10.6,0.425
2021-03-15,12.25,5.8,17.6,봄,11.8,1.871
2021-03-16,15.529,9.2,21.2,봄,12.0,3.279
2021-03-17,9.975,5.7,13.6,봄,7.9,-5.554
2021-03-18,9.779,5.5,13.6,봄,8.1,-0.196
2021-03-19,10.987,9.3,13.6,봄,4.3,1.208
2021-03-20,10.375,9.2,11.7,봄,2.5,-0.612
2021-03-21,9.975,5.8,12.3,봄,6.5,-0.4
2021-03-22,7.696,3.7,12.6,봄,8.9,-2.279
2021-03-23,11.492,4.3,17.7,봄,13.4,3.796
2021-03-24,13.154,7.7,17.5,봄,9.8,1.662
2021-03-25,13.833,9.7,19.0,봄,9.3,0.679
2021-03-26,14.779,11.5,20.6,봄,9.1,0.946
2021-03-27,13.317,8.3,17.2,봄,8.9,-1.462
2021-03-28,17.467,14.3,21.1,봄,6.8,4.15
2021-03-29,16.125,13.9,19.4,봄,5.5,-1.342
2021-03-30,13.458,10.1,18.8,봄,8.7,-2.667
2021-03-31,12.296,6.7,18.1,봄,11.4,-1.162
2021-04-01,13.288,10.5,16.4,봄,5.9,0.992
2021-04-02,14.0,12.4,18.3,봄,5.9,0.713
2021-04-03,14.55,10.7,19.6,봄,8.9,0.55
2021-04-04,10.267,8.6,13.4,봄,4.8,-4.283
2021-04-05,10.038,6.0,14.1,봄,8.1,-0.229
2021-04-06,11.317,4.8,17.9,봄,13.1,1.279
2021-04-07,14.912,11.8,18.8,봄,7.0,3.596
2021-04-08,13.071,10.1,18.1,봄,8.0,-1.842
2021-04-09,9.179,6.9,12.8,봄,5.9,-3.892
2021-04-10,8.904,3.3,13.7,봄,10.4,-0.275
2021-04-11,11.846,5.5,18.3,봄,12.8,2.942
2021-04-12,12.692,9.6,15.7,봄,6.1,0.846
2021-04-13,17.429,11.3,20.6,봄,9.3,4.737
2021-04-14,10.633,6.7,16.1,봄,9.4,-6.796
2021-04-15,11.171,6.3,15.9,봄,9.6,0.537
2021-04-16,13.917,6.4,20.2,봄,13.8,2.746
2021-04-17,14.375,9.8,19.0,봄,9.2,0.458
2021-04-18,11.6,7.8,16.7,봄,8.9,-2.775
2021-04-19,16.458,9.8,23.1,봄,13.3,4.858
2021-04-20,17.654,13.0,24.2,봄,11.2,1.196
2021-04-21,17.408,10.6,24.8,봄,14.2,-0.246
2021-04-22,18.058,13.3,24.8,봄,11.5,0.65
2021-04-23,15.804,13.7,18.1,봄,4.4,-2.254
2021-04-24,14.833,12.1,18.1,봄,6.0,-0.971
2021-04-25,13.496,10.8,16.1,봄,5.3,-1.338
2021-04-26,11.971,6.6,16.0,봄,9.4,-1.525
2021-04-27,14.242,7.9,18.9,봄,11.0,2.271
2021-04-28,18.446,14.7,23.1,봄,8.4,4.204
2021-04-29,16.283,13.4,19.6,봄,6.2,-2.162
2021-04-30,16.667,12.7,21.9,봄,9.2,0.383
2021-05-01,12.237,9.8,15.2,봄,5.4,-4.429
2021-05-02,12.554,8.3,16.8,봄,8.5,0.317
2021-05-03,15.35,7.6,22.6,봄,15.0,2.796
2021-05-04,16.908,12.9,20.1,봄,7.2,1.558
2021-05-05,19.133,14.3,23.7,봄,9.4,2.225
2021-05-06,16.821,9.8,22.3,봄,12.5,-2.312
2021-05-07,19.033,15.2,23.4,봄,8.2,2.213
2021-05-08,17.775,9.1,23.8,봄,14.7,-1.258
2021-05-09,19.096,13.5,24.2,봄,10.7,1.321
2021-05-10,15.204,13.0,17.5,봄,4.5,-3.892
2021-05-11,15.25,13.4,18.0,봄,4.6,0.046
2021-05-12,16.25,13.6,20.8,봄,7.2,1.0
2021-05-13,18.321,12.8,25.0,봄,12.2,2.071
2021-05-14,19.213,14.1,24.4,봄,10.3,0.892
2021-05-15,18.771,17.1,21.1,봄,4.0,-0.442
2021-05-16,19.738,14.1,23.7,봄,9.6,0.967
2021-05-17,14.417,13.3,16.0,봄,2.7,-5.321
2021-05-18,15.9,13.9,18.3,봄,4.4,1.483
2021-05-19,20.054,15.0,25.7,봄,10.7,4.154
2021-05-20,16.488,14.9,17.9,봄,3.0,-3.567
2021-05-21,17.15,14.6,20.9,봄,6.3,0.663
2021-05-22,19.292,13.3,23.2,봄,9.9,2.142
2021-05-23,23.379,17.2,29.0,봄,11.8,4.087
2021-05-24,19.821,17.9,23.4,봄,5.5,-3.558
2021-05-25,19.012,13.9,23.9,봄,10.0,-0.808
2021-05-26,18.271,12.3,23.2,봄,10.9,-0.742
2021-05-27,18.908,15.0,24.0,봄,9.0,0.638
2021-05-28,17.246,13.2,25.5,봄,12.3,-1.663
2021-05-29,19.196,12.1,25.5,봄,13.4,1.95
2021-05-30,19.242,15.2,23.8,봄,8.6,0.046
2021-05-31,18.95,15.2,24.7,봄,9.5,-0.292
2021-06-01,20.171,14.4,25.2,여름,10.8,1.221
2021-06-02,21.154,17.5,25.8,여름,8.3,0.983
2021-06-03,18.575,16.3,20.0,여름,3.7,-2.579
2021-06-04,20.938,16.9,26.0,여름,9.1,2.363
2021-06-05,22.208,15.9,28.5,여름,12.6,1.271
2021-06-06,22.9,17.6,27.6,여름,10.0,0.692
2021-06-07,24.175,18.7,29.2,여름,10.5,1.275
2021-06-08,24.071,20.8,28.6,여름,7.8,-0.104
2021-06-09,22.504,18.6,27.6,여름,9.0,-1.567
2021-06-10,21.971,17.3,27.2,여름,9.9,-0.533
2021-06-11,20.846,19.9,23.5,여름,3.6,-1.125
2021-06-12,21.154,20.3,22.5,여름,2.2,0.308
2021-06-13,23.054,20.7,26.9,여름,6.2,1.9
2021-06-14,21.787,20.0,25.1,여름,5.1,-1.267
2021-06-15,20.683,18.3,22.0,여름,3.7,-1.104
2021-06-16,19.062,18.1,19.9,여름,1.8,-1.621
2021-06-17,18.621,16.9,20.7,여름,3.8,-0.442
2021-06-18,20.929,17.9,25.0,여름,7.1,2.308
2021-06-19,23.083,19.4,27.0,여름,7.6,2.154
2021-06-20,23.075,17.5,28.0,여름,10.5,-0.008
2021-06-21,22.096,18.9,27.8,여름,8.9,-0.979
2021-06-22,19.583,16.8,22.6,여름,5.8,-2.512
2021-06-23,19.496,17.1,21.2,여름,4.1,-0.087
2021-06-24,21.008,17.8,25.1,여름,7.3,1.512
2021-06-25,22.375,18.4,26.5,여름,8.1,1.367
2021-06-26,22.362,19.9,27.2,여름,7.3,-0.012
2021-06-27,22.571,18.2,26.0,여름,7.8,0.208
2021-06-28,22.921,20.9,25.8,여름,4.9,0.35
2021-06-29,22.817,20.1,25.6,여름,5.5,-0.104
2021-06-30,22.738,20.4,26.1,여름,5.7,-0.079
2021-07-01,22.929,19.3,27.3,여름,8.0,0.192
2021-07-02,22.517,19.8,24.5,여름,4.7,-0.412
2021-07-03,22.275,21.5,23.2,여름,1.7,-0.242
2021-07-04,26.329,22.4,31.3,여름,8.9,4.054
2021-07-05,23.504,21.5,26.0,여름,4.5,-2.825
2021-07-06,23.529,22.5,24.6,여름,2.1,0.025
2021-07-07,23.7,22.2,25.5,여름,3.3,0.171
2021-07-08,23.25,21.9,26.8,여름,4.9,-0.45
2021-07-09,22.8,21.9,24.7,여름,2.8,-0.45
2021-07-10,25.171,21.5,30.0,여름,8.5,2.371
2021-07-11,26.467,21.6,31.8,여름,10.2,1.296
2021-07-12,27.496,23.5,32.0,여름,8.5,1.029
2021-07-13,27.917,24.5,32.7,여름,8.2,0.421
2021-07-14,28.333,24.3,32.1,여름,7.8,0.417
2021-07-15,26.971,24.5,30.3,여름,5.8,-1.363
2021-07-16,26.046,23.1,29.0,여름,5.9,-0.925
2021-07-17,25.704,23.6,28.4,여름,4.8,-0.342
2021-07-18,26.112,23.5,28.8,여름,5.3,0.408
2021-07-19,26.525,23.4,29.8,여름,6.4,0.413
2021-07-20,27.892,25.1,31.7,여름,6.6,1.367
2021-07-21,26.733,23.0,29.7,여름,6.7,-1.158
2021-07-22,26.862,25.1,29.5,여름,4.4,0.129
2021-07-23,26.429,24.1,29.3,여름,5.2,-0.433
2021-07-24,26.817,23.8,30.0,여름,6.2,0.388
2021-07-25,27.1,24.3,31.0,여름,6.7,0.283
2021-07-26,27.412,24.4,31.1,여름,6.7,0.312
2021-07-27,26.842,23.4,30.7,여름,7.3,-0.571
2021-07-28,26.854,23.3,31.0,여름,7.7,0.012
2021-07-29,27.35,23.1,31.6,여름,8.5,0.496
2021-07-30,28.592,24.1,33.2,여름,9.1,1.242
2021-07-31,28.175,23.6,32.8,여름,9.2,-0.417
2021-08-01,27.912,24.8,32.6,여름,7.8,-0.263
2021-08-02,27.917,25.3,32.0,여름,6.7,0.004
2021-08-03,26.954,23.9,30.9,여름,7.0,-0.963
2021-08-04,28.479,24.1,32.9,여름,8.8,1.525
2021-08-05,29.0,24.4,33.3,여름,8.9,0.521
2021-08-06,28.942,24.8,32.9,여름,8.1,-0.058
2021-08-07,28.9,25.8,33.4,여름,7.6,-0.042
2021-08-08,24.479,22.7,28.0,여름,5.3,-4.421
2021-08-09,24.942,22.0,29.2,여름,7.2,0.462
2021-08-10,23.888,21.8,26.9,여름,5.1,-1.054
2021-08-11,25.267,22.5,29.4,여름,6.9,1.379
2021-08-12,24.862,20.9,28.8,여름,7.9,-0.404
2021-08-13,24.562,23.1,26.4,여름,3.3,-0.3
2021-08-14,23.329,22.1,25.5,여름,3.4,-1.233
2021-08-15,23.096,21.8,25.2,여름,3.4,-0.233
2021-08-16,23.621,21.3,26.3,여름,5.0,0.525
2021-08-17,22.421,21.4,23.5,여름,2.1,-1.2
2021-08-18,22.883,21.4,24.9,여름,3.5,0.463
2021-08-19,23.467,21.5,25.8,여름,4.3,0.583
2021-08-20,23.879,20.0,27.2,여름,7.2,0.412
2021-08-21,23.45,21.2,24.7,여름,3.5,-0.429
2021-08-22,26.608,22.9,30.4,여름,7.5,3.158
2021-08-23,23.425,21.6,26.3,여름,4.7,-3.183
2021-08-24,26.054,23.8,28.4,여름,4.6,2.629
2021-08-25,25.2,23.9,26.3,여름,2.4,-0.854
2021-08-26,27.133,23.6,31.8,여름,8.2,1.933
2021-08-27,25.8,21.8,31.2,여름,9.4,-1.333
2021-08-28,25.388,21.9,30.3,여름,8.4,-0.413
2021-08-29,24.629,22.8,27.4,여름,4.6,-0.758
2021-08-30,25.154,22.8,28.5,여름,5.7,0.525
2021-08-31,23.942,21.8,27.7,여름,5.9,-1.213
2021-09-01,22.342,20.6,27.9,가을,7.3,-1.6
2021-09-02,21.133,19.7,23.3,가을,3.6,-1.208
2021-09-03,20.521,19.4,22.2,가을,2.8,-0.613
2021-09-04,21.771,19.1,24.5,가을,5.4,1.25
2021-09-05,22.221,20.5,24.6,가을,4.1,0.45
2021-09-06,22.575,20.6,24.7,가을,4.1,0.354
2021-09-07,23.871,20.6,27.3,가을,6.7,1.296
2021-09-08,23.392,21.3,26.5,가을,5.2,-0.479
2021-09-09,22.862,19.2,26.8,가을,7.6,-0.529
2021-09-10,22.362,20.3,25.5,가을,5.2,-0.5
2021-09-11,23.729,19.3,28.7,가을,9.4,1.367
2021-09-12,23.442,19.5,28.1,가을,8.6,-0.288
2021-09-13,22.963,21.4,24.6,가을,3.2,-0.479
2021-09-14,21.612,20.6,22.5,가을,1.9,-1.35
