date,slot,기온,dT_1h,풍속,습도,강수량
2021-01-07,5,-5.9,-4.5,4.4,85,0.2
2021-01-14,9,5.9,5.6000000000000005,2.7,63,0.0
2021-01-15,10,11.7,5.799999999999999,3.1,70,0.0
2021-01-28,17,3.3,-6.1000000000000005,5.7,67,0.1
2021-02-13,10,13.1,4.199999999999999,1.0,41,0.0
2021-02-16,19,1.2,-4.3999999999999995,4.0,63,0.0
2021-03-01,19,10.0,-5.5,3.1,98,14.9
2021-03-01,20,5.8,-4.2,4.1,98,35.1
2021-03-16,19,13.5,-5.300000000000001,2.5,67,0.5
2021-04-30,17,17.7,-4.199999999999999,2.0,55,0.1
2021-05-01,16,10.7,-4.0,3.3,83,8.5
2021-05-28,15,14.4,-8.799999999999999,3.7,84,3.6
2021-05-31,9,21.5,4.100000000000001,0.6,61,0.6
2021-07-10,20,21.6,-4.099999999999998,1.4,95,0.2
2021-08-08,12,23.1,-4.099999999999998,2.4,97,22.9
