날짜,기온,풍속,습도,강수량,date,month,season,slot,직전값
20210108,-11.4,2.6,31,0.0,2021-01-08,1,겨울,1,0.2
20210122,7.1,0.5,98,0.0,2021-01-22,1,겨울,1,0.6
20210123,10.6,2.9,88,0.0,2021-01-23,1,겨울,1,2.3
20210127,5.7,1.1,86,0.0,2021-01-27,1,겨울,1,11.1
20210128,-1.0,4.8,48,0.0,2021-01-28,1,겨울,20,0.1
20210202,8.5,2.7,46,0.0,2021-02-02,2,겨울,1,12.1
20210215,10.6,2.2,98,0.4,2021-02-15,2,겨울,1,9.0
20210216,0.6,3.1,30,0.0,2021-02-16,2,겨울,0,0.5
20210226,6.5,2.8,98,0.1,2021-02-26,2,겨울,1,3.8
20210227,8.1,3.2,64,0.0,2021-02-27,2,겨울,1,3.4
20210302,3.5,3.9,97,2.5,2021-03-02,3,봄,1,60.3
20210303,0.7,1.4,89,0.0,2021-03-03,3,봄,1,6.4
20210305,8.1,1.6,97,0.1,2021-03-05,3,봄,1,1.4
20210306,10.5,0.2,77,0.0,2021-03-06,3,봄,1,0.2
20210307,4.1,2.8,84,0.0,2021-03-07,3,봄,1,1.5
20210313,9.1,3.6,85,0.0,2021-03-13,3,봄,1,29.4
20210317,8.1,1.7,88,0.0,2021-03-17,3,봄,1,0.5
20210321,9.5,1.7,98,0.4,2021-03-21,3,봄,1,4.1
20210322,5.5,4.0,50,0.0,2021-03-22,3,봄,0,0.4
20210328,15.0,3.7,98,5.5,2021-03-28,3,봄,1,23.6
20210329,14.4,2.9,64,0.0,2021-03-29,3,봄,1,11.2
20210404,12.1,2.4,98,3.0,2021-04-04,4,봄,1,32.5
20210405,7.0,3.0,73,0.0,2021-04-05,4,봄,1,18.0
20210410,5.6,1.2,78,0.0,2021-04-10,4,봄,1,5.1
20210413,15.6,3.9,98,0.5,2021-04-13,4,봄,1,15.4
20210413,16.6,3.8,98,0.0,2021-04-13,4,봄,5,2.8
20210501,13.8,1.4,79,0.0,2021-05-01,5,봄,0,0.1
20210502,10.5,2.3,58,0.0,2021-05-02,5,봄,1,8.7
20210503,9.5,1.1,88,0.0,2021-05-03,5,봄,1,0.2
20210505,17.1,5.2,98,3.0,2021-05-05,5,봄,1,15.2
20210506,13.0,1.4,35,0.0,2021-05-06,5,봄,1,3.5
20210511,13.5,1.3,87,0.0,2021-05-11,5,봄,1,0.2
20210516,19.5,0.7,98,0.0,2021-05-16,5,봄,1,15.7
20210517,13.4,1.4,98,0.0,2021-05-17,5,봄,1,22.1
20210518,14.1,0.5,98,0.0,2021-05-18,5,봄,1,3.5
20210519,15.1,1.5,98,0.0,2021-05-19,5,봄,1,1.3
20210521,14.7,0.8,98,0.0,2021-05-21,5,봄,1,16.7
20210522,15.5,1.3,98,0.0,2021-05-22,5,봄,0,0.3
20210525,18.7,2.3,39,0.0,2021-05-25,5,봄,0,0.9
20210525,23.4,4.3,39,0.0,2021-05-25,5,봄,12,0.3
20210529,13.2,0.7,98,0.0,2021-05-29,5,봄,0,31.2
20210601,15.8,0.6,96,0.0,2021-06-01,6,여름,0,0.6
20210604,19.0,0.3,98,0.7,2021-06-04,6,여름,0,22.7
20210605,19.9,1.7,66,0.0,2021-06-05,6,여름,0,4.7
20210612,20.3,0.4,98,0.1,2021-06-12,6,여름,0,30.3
20210613,20.7,0.9,98,0.0,2021-06-13,6,여름,0,7.8
20210616,18.7,2.6,98,0.2,2021-06-16,6,여름,0,7.6
20210617,17.6,2.4,98,0.4,2021-06-17,6,여름,0,16.2
20210618,18.5,0.7,98,0.2,2021-06-18,6,여름,0,1.3
20210619,20.5,1.3,98,0.0,2021-06-19,6,여름,0,2.9
20210623,18.6,1.8,92,0.0,2021-06-23,6,여름,0,0.1
20210627,19.6,1.8,89,0.0,2021-06-27,6,여름,0,0.2
20210704,22.4,0.1,98,1.3,2021-07-04,7,여름,0,23.4
20210705,22.6,0.2,97,0.0,2021-07-05,7,여름,0,24.9
20210706,22.8,0.7,98,6.7,2021-07-06,7,여름,0,18.7
20210707,23.6,1.1,98,0.0,2021-07-07,7,여름,0,60.4
20210708,22.0,0.3,98,0.0,2021-07-08,7,여름,0,38.8
20210709,22.0,0.6,98,0.0,2021-07-09,7,여름,0,17.2
20210710,22.3,0.3,98,0.0,2021-07-10,7,여름,0,4.8
20210711,21.9,0.3,98,0.0,2021-07-11,7,여름,0,0.2
20210717,24.6,1.1,95,0.0,2021-07-17,7,여름,0,0.3
20210718,24.5,1.0,93,0.0,2021-07-18,7,여름,0,0.6
20210802,26.0,1.3,98,0.0,2021-08-02,8,여름,0,20.2
20210803,25.5,1.1,87,0.0,2021-08-03,8,여름,0,16.7
20210804,25.9,0.9,93,0.0,2021-08-04,8,여름,0,0.7
20210809,23.3,3.3,98,5.2,2021-08-09,8,여름,0,37.2
20210810,22.1,1.1,98,0.3,2021-08-10,8,여름,0,19.8
20210811,23.2,0.9,98,0.0,2021-08-11,8,여름,0,1.7
20210813,23.9,1.2,98,0.0,2021-08-13,8,여름,0,1.4
20210814,24.0,1.4,91,0.0,2021-08-14,8,여름,0,3.5
20210815,22.2,2.5,94,0.0,2021-08-15,8,여름,0,26.5
20210815,23.0,2.5,90,0.0,2021-08-15,8,여름,18,1.5
20210817,22.7,2.4,89,0.0,2021-08-17,8,여름,0,0.3
20210818,21.4,2.7,95,0.0,2021-08-18,8,여름,0,32.9
20210819,22.7,2.7,88,0.0,2021-08-19,8,여름,0,1.6
20210821,23.9,1.9,98,0.0,2021-08-21,8,여름,0,2.3
20210822,23.9,2.1,98,0.2,2021-08-22,8,여름,0,122.4
20210823,23.8,0.0,93,0.0,2021-08-23,8,여름,0,0.5
20210825,25.4,0.4,92,0.0,2021-08-25,8,여름,0,108.3
20210826,23.8,0.1,98,0.0,2021-08-26,8,여름,0,5.5
20210828,22.7,1.9,98,0.2,2021-08-28,8,여름,0,0.3
20210829,23.9,0.8,83,0.0,2021-08-29,8,여름,0,0.2
20210830,23.9,1.0,93,0.0,2021-08-30,8,여름,0,0.2
20210901,21.8,1.7,94,0.0,2021-09-01,9,가을,0,1.0
20210902,21.1,1.9,98,0.0,2021-09-02,9,가을,0,36.2
20210903,19.7,0.7,98,0.0,2021-09-03,9,가을,0,5.3
20210904,20.0,0.1,96,0.0,2021-09-04,9,가을,0,1.7
20210907,22.2,1.2,84,0.0,2021-09-07,9,가을,0,0.8
20210908,24.4,1.8,83,0.0,2021-09-08,9,가을,0,1.8
20210911,21.2,2.0,86,0.0,2021-09-11,9,가을,0,0.2
